Platform_x,URL,Date Crawled,Product Title,Current Price,Discounted Price,Rating Average,Rating Count,Platform_y,Customer Name,Time Comment,Content,content_rate
CellPhones,https://cellphones.com.vn/iphone-15.html,3/10/2024,iPhone 15 128GB | Chính hãng VN/A,22.990.000đ,19.990.000đ,4.9/5,7 đánh giá,CellPhones,Mai Tùng,2/3/2024 09:39,Nhân viên bắc tư vấn nhiệt tình nhưng mua tặng nên mua máy thôi,"Hiệu năng Siêu mạnh mẽ
Thời lượng pin Cực khủng
Chất lượng camera Chụp đẹp, chuyên nghiệp
Nhân viên bắc tư vấn nhiệt tình nhưng mua tặng nên mua máy thôi"
CellPhones,https://cellphones.com.vn/iphone-15.html,3/10/2024,iPhone 15 128GB | Chính hãng VN/A,22.990.000đ,19.990.000đ,4.9/5,7 đánh giá,CellPhones,Ngọc Linh Huyết Kiều (Huyết Kiều Ngọc Linh),7/11/2023 17:04,"Tần số quét
60 Hz
Độ sáng tối đa
2000 nits
Tốc độ CPU
3.46 GHz
Dung lượng pin
3349 mAh
Hệ điều hành
iOS 17
Chip xử lý (CPU)
Apple A16 Bionic 6 nhân","Hiệu năng Siêu mạnh mẽ
Thời lượng pin Cực khủng
Chất lượng camera Chụp đẹp, chuyên nghiệp
Tần số quét
60 Hz
Độ sáng tối đa
2000 nits
Tốc độ CPU
3.46 GHz
Dung lượng pin
3349 mAh
Hệ điều hành
iOS 17
Chip xử lý (CPU)
Apple A16 Bionic 6 nhân"
CellPhones,https://cellphones.com.vn/iphone-15.html,3/10/2024,iPhone 15 128GB | Chính hãng VN/A,22.990.000đ,19.990.000đ,4.9/5,7 đánh giá,CellPhones,Nguyễn Trần Thụy,7/11/2023 02:19,Awesome phone! Quá tốt,"Hiệu năng Siêu mạnh mẽ
Thời lượng pin Cực khủng
Chất lượng camera Chụp đẹp, chuyên nghiệp
Awesome phone! Quá tốt"
CellPhones,https://cellphones.com.vn/iphone-15.html,3/10/2024,iPhone 15 128GB | Chính hãng VN/A,22.990.000đ,19.990.000đ,4.9/5,7 đánh giá,CellPhones,Hiep Nguyen Huy,7/11/2023 02:12,mọi thử ổn trừ camera trước,"Hiệu năng Siêu mạnh mẽ
Thời lượng pin Cực khủng
Chất lượng camera Chụp không đẹp
mọi thử ổn trừ camera trước"
CellPhones,https://cellphones.com.vn/iphone-15.html,3/10/2024,iPhone 15 128GB | Chính hãng VN/A,22.990.000đ,19.990.000đ,4.9/5,7 đánh giá,CellPhones,Nguyễn Trịnh Huy Anh,31/10/2023 21:02,sp tốt nhân viên nhiệt tình,"Hiệu năng Siêu mạnh mẽ
Thời lượng pin Cực khủng
Chất lượng camera Chụp đẹp, chuyên nghiệp
sp tốt nhân viên nhiệt tình"
CellPhones,https://cellphones.com.vn/iphone-15.html,3/10/2024,iPhone 15 128GB | Chính hãng VN/A,22.990.000đ,19.990.000đ,4.9/5,7 đánh giá,CellPhones,Why,22/10/2023 02:48,Tôi rất hài lòng,"Hiệu năng Siêu mạnh mẽ
Thời lượng pin Cực khủng
Chất lượng camera Chụp đẹp, chuyên nghiệp
Tôi rất hài lòng"
CellPhones,https://cellphones.com.vn/iphone-15.html,3/10/2024,iPhone 15 128GB | Chính hãng VN/A,22.990.000đ,19.990.000đ,4.9/5,7 đánh giá,CellPhones,Trương Hoàng Phúc,20/10/2023 21:22,"Các anh chị ở đây rất nhiệt tình, tuyệt vời. Hỗ trợ mình thanh toán với mức giá cực tốt. Về trải nghiệm iphone 15, sạc rất nhanh 10p 36% lên 52%, pin xài cả ngày.","Hiệu năng Siêu mạnh mẽ
Thời lượng pin Cực khủng
Chất lượng camera Chụp đẹp, chuyên nghiệp
Các anh chị ở đây rất nhiệt tình, tuyệt vời. Hỗ trợ mình thanh toán với mức giá cực tốt. Về trải nghiệm iphone 15, sạc rất nhanh 10p 36% lên 52%, pin xài cả ngày."
CellPhones,https://cellphones.com.vn/iphone-15-plus.html,3/10/2024,iPhone 15 Plus 128GB | Chính hãng VN/A,25.990.000đ,22.990.000đ,5.0/5,5 đánh giá,CellPhones,Nguyễn thị ngọc hà,9/3/2024 23:54,Bạn huyen bán máy báo tớ,"Hiệu năng Siêu mạnh mẽ
Thời lượng pin Cực khủng
Chất lượng camera Chụp đẹp, chuyên nghiệp
Bạn huyen bán máy báo tớ"
CellPhones,https://cellphones.com.vn/iphone-15-plus.html,3/10/2024,iPhone 15 Plus 128GB | Chính hãng VN/A,25.990.000đ,22.990.000đ,5.0/5,5 đánh giá,CellPhones,Hà Huyền,9/3/2024 08:19,"Mình mới mua con này cho em cách đâu 2 ngày còn nguyên hộp chưa khui, mà em mình muốn đổi lên 15prm mà phí đổi 20% cáo quá.có ai cần mình pass lại giá trao đổi ạ","Hiệu năng Siêu mạnh mẽ
Thời lượng pin Cực khủng
Chất lượng camera Chụp đẹp, chuyên nghiệp
Mình mới mua con này cho em cách đâu 2 ngày còn nguyên hộp chưa khui, mà em mình muốn đổi lên 15prm mà phí đổi 20% cáo quá.có ai cần mình pass lại giá trao đổi ạ"
CellPhones,https://cellphones.com.vn/iphone-15-plus.html,3/10/2024,iPhone 15 Plus 128GB | Chính hãng VN/A,25.990.000đ,22.990.000đ,5.0/5,5 đánh giá,CellPhones,Phạm đức phương,25/10/2023 20:50,Cho m hỏi ip 15 plus xanh duong khi nao có hàng vậy ạ,"Hiệu năng Siêu mạnh mẽ
Thời lượng pin Cực khủng
Chất lượng camera Chụp đẹp, chuyên nghiệp
Cho m hỏi ip 15 plus xanh duong khi nao có hàng vậy ạ"
CellPhones,https://cellphones.com.vn/iphone-15-plus.html,3/10/2024,iPhone 15 Plus 128GB | Chính hãng VN/A,25.990.000đ,22.990.000đ,5.0/5,5 đánh giá,CellPhones,Minh Khoẻ Phạm,24/10/2023 11:09,giao hàng nhanh nhân viên nhiệt tình,"Hiệu năng Siêu mạnh mẽ
Thời lượng pin Cực khủng
Chất lượng camera Chụp đẹp, chuyên nghiệp
giao hàng nhanh nhân viên nhiệt tình"
CellPhones,https://cellphones.com.vn/iphone-15-plus.html,3/10/2024,iPhone 15 Plus 128GB | Chính hãng VN/A,25.990.000đ,22.990.000đ,5.0/5,5 đánh giá,CellPhones,Lê Đức Nhân,30/9/2023 20:44,"Thời gian nhận sản phẩm rất nhanh kể từ ngày mở bán, nhân viên Cẩm Nhung thân thiện, nhiệt tình.","Hiệu năng Siêu mạnh mẽ
Thời lượng pin Cực khủng
Chất lượng camera Chụp đẹp, chuyên nghiệp
Thời gian nhận sản phẩm rất nhanh kể từ ngày mở bán, nhân viên Cẩm Nhung thân thiện, nhiệt tình."
CellPhones,https://cellphones.com.vn/iphone-15-plus-512gb.html,3/10/2024,iPhone 15 Plus 512GB | Chính hãng VN/A,,,5.0/5,1 đánh giá,CellPhones,Nguyễn Lê tấn tài,2/10/2023 20:31,Bao lâu iphone15 plus 512 hồng có hàng vậy shop,Bao lâu iphone15 plus 512 hồng có hàng vậy shop
CellPhones,https://cellphones.com.vn/iphone-15-pro.html,3/10/2024,iPhone 15 Pro 128GB | Chính hãng VN/A,28.990.000đ,26.390.000đ,5.0/5,3 đánh giá,CellPhones,Lê Vy,31/10/2023 10:25,"Đã trải nghiệm ip15 pro ở CellphoneS, máy đẹp, sử dụng thoải mái, test máy mượt","Hiệu năng Siêu mạnh mẽ
Thời lượng pin Cực khủng
Chất lượng camera Chụp đẹp, chuyên nghiệp
Đã trải nghiệm ip15 pro ở CellphoneS, máy đẹp, sử dụng thoải mái, test máy mượt"
CellPhones,https://cellphones.com.vn/iphone-15-pro.html,3/10/2024,iPhone 15 Pro 128GB | Chính hãng VN/A,28.990.000đ,26.390.000đ,5.0/5,3 đánh giá,CellPhones,TRAM PHAM,25/10/2023 12:01,"Sản phẩm tốt, chỉnh sửa video mượt, thao tác nhanh chóng, cầm nhẹ hơn 14 Pro","Hiệu năng Siêu mạnh mẽ
Thời lượng pin Cực khủng
Chất lượng camera Chụp đẹp, chuyên nghiệp
Sản phẩm tốt, chỉnh sửa video mượt, thao tác nhanh chóng, cầm nhẹ hơn 14 Pro"
CellPhones,https://cellphones.com.vn/iphone-15-pro.html,3/10/2024,iPhone 15 Pro 128GB | Chính hãng VN/A,28.990.000đ,26.390.000đ,5.0/5,3 đánh giá,CellPhones,Nguyễn Nhật Trung,25/10/2023 11:56,"IP 15 Pro màn nhỏ cầm vừa tay, mượt, màu titan trắng đẹp lắm","Hiệu năng Siêu mạnh mẽ
Thời lượng pin Cực khủng
Chất lượng camera Chụp đẹp, chuyên nghiệp
IP 15 Pro màn nhỏ cầm vừa tay, mượt, màu titan trắng đẹp lắm"
CellPhones,https://cellphones.com.vn/iphone-15-pro-256gb.html,3/10/2024,iPhone 15 Pro 256GB | Chính hãng VN/A,31.990.000đ,29.490.000đ,5.0/5,1 đánh giá,CellPhones,Nguyễn Đức Minh,31/10/2023 20:51,Tôi hài lòng dịch vụ ở cellphones,"Hiệu năng Siêu mạnh mẽ
Thời lượng pin Cực khủng
Chất lượng camera Chụp đẹp, chuyên nghiệp
Tôi hài lòng dịch vụ ở cellphones"
CellPhones,https://cellphones.com.vn/iphone-15-pro-max.html,3/10/2024,iPhone 15 Pro Max 256GB | Chính hãng VN/A,34.990.000đ,31.490.000đ,5.0/5,12 đánh giá,CellPhones,Thọ Trần,10/3/2024 17:19,Sản phẩm tốt Tuỵt dời 🤗,"Hiệu năng Siêu mạnh mẽ
Thời lượng pin Khủng
Chất lượng camera Chụp đẹp, chuyên nghiệp
Sản phẩm tốt Tuỵt dời 🤗"
CellPhones,https://cellphones.com.vn/iphone-15-pro-max.html,3/10/2024,iPhone 15 Pro Max 256GB | Chính hãng VN/A,34.990.000đ,31.490.000đ,5.0/5,12 đánh giá,CellPhones,Keima Khiêm,4/3/2024 06:11,Qua tuyet voi a,"Hiệu năng Siêu mạnh mẽ
Thời lượng pin Cực khủng
Chất lượng camera Chụp đẹp, chuyên nghiệp
Qua tuyet voi a"
CellPhones,https://cellphones.com.vn/iphone-15-pro-max.html,3/10/2024,iPhone 15 Pro Max 256GB | Chính hãng VN/A,34.990.000đ,31.490.000đ,5.0/5,12 đánh giá,CellPhones,Quang Huy,2/3/2024 22:07,E xin huỷ đợn ạ e bấm nhầm ạ,"Hiệu năng Siêu mạnh mẽ
Thời lượng pin Cực khủng
Chất lượng camera Chụp đẹp, chuyên nghiệp
E xin huỷ đợn ạ e bấm nhầm ạ"
CellPhones,https://cellphones.com.vn/iphone-15-pro-max.html,3/10/2024,iPhone 15 Pro Max 256GB | Chính hãng VN/A,34.990.000đ,31.490.000đ,5.0/5,12 đánh giá,CellPhones,Quang Huy,2/3/2024 22:05,Cho Huỷ Ạ e bấm nhầm 2 đơn luôn à,"Hiệu năng Siêu mạnh mẽ
Thời lượng pin Cực khủng
Chất lượng camera Chụp đẹp, chuyên nghiệp
Cho Huỷ Ạ e bấm nhầm 2 đơn luôn à"
CellPhones,https://cellphones.com.vn/iphone-15-pro-max.html,3/10/2024,iPhone 15 Pro Max 256GB | Chính hãng VN/A,34.990.000đ,31.490.000đ,5.0/5,12 đánh giá,CellPhones,Quang Huy,2/3/2024 22:03,Anh Ơi Cho e Huỷ Đơn Ạ em bấm nhầm ạ,"Hiệu năng Siêu mạnh mẽ
Thời lượng pin Cực khủng
Chất lượng camera Chụp đẹp, chuyên nghiệp
Anh Ơi Cho e Huỷ Đơn Ạ em bấm nhầm ạ"
CellPhones,https://cellphones.com.vn/iphone-15-pro-max.html,3/10/2024,iPhone 15 Pro Max 256GB | Chính hãng VN/A,34.990.000đ,31.490.000đ,5.0/5,12 đánh giá,CellPhones,Nguyen Tien Son,2/3/2024 05:23,Totddddđưkksksss,"Hiệu năng Siêu mạnh mẽ
Thời lượng pin Cực khủng
Chất lượng camera Chụp đẹp, chuyên nghiệp
Totddddđưkksksss"
CellPhones,https://cellphones.com.vn/iphone-15-pro-max.html,3/10/2024,iPhone 15 Pro Max 256GB | Chính hãng VN/A,34.990.000đ,31.490.000đ,5.0/5,12 đánh giá,CellPhones,Việt Anh,1/3/2024 12:58,samsung note20 ngoại hình đẹp không lỗi lầm gì muốn lên 15prm titan tự nhiên bù bao nhiêu ạ,"Hiệu năng Siêu mạnh mẽ
Thời lượng pin Cực khủng
Chất lượng camera Chụp đẹp, chuyên nghiệp
samsung note20 ngoại hình đẹp không lỗi lầm gì muốn lên 15prm titan tự nhiên bù bao nhiêu ạ"
CellPhones,https://cellphones.com.vn/iphone-15-pro-max.html,3/10/2024,iPhone 15 Pro Max 256GB | Chính hãng VN/A,34.990.000đ,31.490.000đ,5.0/5,12 đánh giá,CellPhones,Nguyen Canh,25/1/2024 14:27,Một sản phẩm rất hợp túi tiền nha,"Hiệu năng Siêu mạnh mẽ
Thời lượng pin Cực khủng
Chất lượng camera Chụp đẹp, chuyên nghiệp
Một sản phẩm rất hợp túi tiền nha"
CellPhones,https://cellphones.com.vn/iphone-15-pro-max.html,3/10/2024,iPhone 15 Pro Max 256GB | Chính hãng VN/A,34.990.000đ,31.490.000đ,5.0/5,12 đánh giá,CellPhones,Trần Hữu Mạnh,9/11/2023 21:57,Máy đẹp khỏi phải bàn,"Hiệu năng Siêu mạnh mẽ
Thời lượng pin Cực khủng
Chất lượng camera Chụp đẹp, chuyên nghiệp
Máy đẹp khỏi phải bàn"
CellPhones,https://cellphones.com.vn/iphone-15-pro-max.html,3/10/2024,iPhone 15 Pro Max 256GB | Chính hãng VN/A,34.990.000đ,31.490.000đ,5.0/5,12 đánh giá,CellPhones,nguyễn hoàng gia linh,30/10/2023 19:01,"đẹp nhen thích nhất màu trắng, nhẹ hơn ip 14 pm giá cả cạnh tranh","Hiệu năng Siêu mạnh mẽ
Thời lượng pin Cực khủng
Chất lượng camera Chụp đẹp, chuyên nghiệp
đẹp nhen thích nhất màu trắng, nhẹ hơn ip 14 pm giá cả cạnh tranh"
CellPhones,https://cellphones.com.vn/iphone-15-pro-max-512gb.html,3/10/2024,iPhone 15 Pro Max 512GB | Chính hãng VN/A,40.990.000đ,38.990.000đ,4.8/5,5 đánh giá,CellPhones,Võ Tấn Hùng,7/12/2023 09:38,Rất tột Rậc ô kê,"Hiệu năng Siêu mạnh mẽ
Thời lượng pin Cực khủng
Chất lượng camera Chụp đẹp, chuyên nghiệp
Rất tột Rậc ô kê"
CellPhones,https://cellphones.com.vn/iphone-15-pro-max-512gb.html,3/10/2024,iPhone 15 Pro Max 512GB | Chính hãng VN/A,40.990.000đ,38.990.000đ,4.8/5,5 đánh giá,CellPhones,Anh KHANG,12/10/2023 11:50,Đã mua máy thứ 2 15 pro max 1TB titan tự nhiên,"Hiệu năng Siêu mạnh mẽ
Thời lượng pin Cực khủng
Chất lượng camera Chụp đẹp, chuyên nghiệp
Đã mua máy thứ 2 15 pro max 1TB titan tự nhiên"
CellPhones,https://cellphones.com.vn/iphone-15-pro-max-512gb.html,3/10/2024,iPhone 15 Pro Max 512GB | Chính hãng VN/A,40.990.000đ,38.990.000đ,4.8/5,5 đánh giá,CellPhones,Mai Nguyễn,4/10/2023 14:29,Ip 15 pro max 512G,"Hiệu năng Siêu mạnh mẽ
Thời lượng pin Cực khủng
Chất lượng camera Chụp đẹp, chuyên nghiệp
Ip 15 pro max 512G"
CellPhones,https://cellphones.com.vn/iphone-15-pro-max-512gb.html,3/10/2024,iPhone 15 Pro Max 512GB | Chính hãng VN/A,40.990.000đ,38.990.000đ,4.8/5,5 đánh giá,CellPhones,Huỳnh Thanh Tuấn,2/10/2023 10:30,"Nhận hàng ngày mở bán 29/09; máy đẹp, cầm trên tay nhẹ hơn, sản phẩm hoàn thiện cao, màu sắc nhìn thực tế đẹp, rất vừa ý, nhân viên tư vấn nhiệt tình, chỉ tiếc là năm nay cellphones k tặng quà cho các bạn đến nhận máy sớm, cũng như chương trình quay số như mọi năm,","Hiệu năng Siêu mạnh mẽ
Thời lượng pin Cực khủng
Chất lượng camera Chụp đẹp, chuyên nghiệp
Nhận hàng ngày mở bán 29/09; máy đẹp, cầm trên tay nhẹ hơn, sản phẩm hoàn thiện cao, màu sắc nhìn thực tế đẹp, rất vừa ý, nhân viên tư vấn nhiệt tình, chỉ tiếc là năm nay cellphones k tặng quà cho các bạn đến nhận máy sớm, cũng như chương trình quay số như mọi năm,"
CellPhones,https://cellphones.com.vn/iphone-15-pro-max-512gb.html,3/10/2024,iPhone 15 Pro Max 512GB | Chính hãng VN/A,40.990.000đ,38.990.000đ,4.8/5,5 đánh giá,CellPhones,Anh KHANG,29/9/2023 21:41,Sản phẩm đẹp tốt,"Hiệu năng Siêu mạnh mẽ
Thời lượng pin Cực khủng
Chất lượng camera Chụp đẹp, chuyên nghiệp
Sản phẩm đẹp tốt"
CellPhones,https://cellphones.com.vn/iphone-15-pro-max-1tb.html,3/10/2024,iPhone 15 Pro Max 1TB | Chính hãng VN/A,46.990.000đ,44.990.000đ,5.0/5,2 đánh giá,CellPhones,undefined,10/11/2023 08:06,"Máy đẹp quá , sài miễn chê mà h mới có 4tr tầm 1 năm nữa là đủ mua rồi:))😢","Hiệu năng Siêu mạnh mẽ
Thời lượng pin Cực khủng
Chất lượng camera Chụp đẹp, chuyên nghiệp
Máy đẹp quá , sài miễn chê mà h mới có 4tr tầm 1 năm nữa là đủ mua rồi:))😢"
CellPhones,https://cellphones.com.vn/iphone-15-pro-max-1tb.html,3/10/2024,iPhone 15 Pro Max 1TB | Chính hãng VN/A,46.990.000đ,44.990.000đ,5.0/5,2 đánh giá,CellPhones,Anh KHANG,12/10/2023 11:49,Máy đẹp tốt 15 pro max titan tự nhiên 1TB,"Hiệu năng Siêu mạnh mẽ
Thời lượng pin Cực khủng
Chất lượng camera Chụp đẹp, chuyên nghiệp
Máy đẹp tốt 15 pro max titan tự nhiên 1TB"
CellPhones,https://cellphones.com.vn/samsung-galaxy-s23-fe.html,3/10/2024,Samsung Galaxy S23 FE 5G 8GB 128GB,14.890.000đ,12.890.000đ,4.0/5,1 đánh giá,CellPhones,Ahuan,27/11/2022 09:29,Quan tâm sản phẩm S ultral 23,Quan tâm sản phẩm S ultral 23
CellPhones,https://cellphones.com.vn/samsung-galaxy-s23-plus.html,3/10/2024,Samsung Galaxy S23 Plus 8GB 256GB,,,5.0/5,1 đánh giá,CellPhones,Nguyễn hữu thiện thiên,9/10/2023 10:32,Tốt......quá......,"Hiệu năng Siêu mạnh mẽ
Thời lượng pin Cực khủng
Chất lượng camera Chụp đẹp, chuyên nghiệp
Tốt......quá......"
CellPhones,https://cellphones.com.vn/samsung-galaxy-s23-plus-512gb.html,3/10/2024,Samsung galaxy S23 Plus 8GB 512GB,,,5.0/5,1 đánh giá,CellPhones,Cao Ngọc Vĩ,9/6/2023 10:08,Sản phẩm rất tốt,Sản phẩm rất tốt
CellPhones,https://cellphones.com.vn/samsung-galaxy-s23-ultra.html,3/10/2024,Samsung Galaxy S23 Ultra 256GB,31.990.000đ,24.490.000đ,4.9/5,19 đánh giá,CellPhones,Ngan,29/2/2024 10:13,"Máy mạnh, chụp ảnh siêu đã đúng là đáng từ đồng","Hiệu năng Siêu mạnh mẽ
Thời lượng pin Cực khủng
Chất lượng camera Chụp đẹp, chuyên nghiệp
Máy mạnh, chụp ảnh siêu đã đúng là đáng từ đồng"
CellPhones,https://cellphones.com.vn/samsung-galaxy-s23-ultra.html,3/10/2024,Samsung Galaxy S23 Ultra 256GB,31.990.000đ,24.490.000đ,4.9/5,19 đánh giá,CellPhones,Chính Nguyễn Văn,29/11/2023 20:48,Máy ổn. Dùng khá tốt. Tôi rất thích sử dụng máy này,"Hiệu năng Siêu mạnh mẽ
Thời lượng pin Cực khủng
Chất lượng camera Chụp đẹp, chuyên nghiệp
Máy ổn. Dùng khá tốt. Tôi rất thích sử dụng máy này"
CellPhones,https://cellphones.com.vn/samsung-galaxy-s23-ultra.html,3/10/2024,Samsung Galaxy S23 Ultra 256GB,31.990.000đ,24.490.000đ,4.9/5,19 đánh giá,CellPhones,Trinh Nguyen,18/11/2023 21:22,sản phẩm này rất tuyệt,"Hiệu năng Siêu mạnh mẽ
Thời lượng pin Cực khủng
Chất lượng camera Chụp đẹp, chuyên nghiệp
sản phẩm này rất tuyệt"
CellPhones,https://cellphones.com.vn/samsung-galaxy-s23-ultra.html,3/10/2024,Samsung Galaxy S23 Ultra 256GB,31.990.000đ,24.490.000đ,4.9/5,19 đánh giá,CellPhones,Nguyễn Đắc Đức,6/11/2023 22:15,sản phẩm này quá ok,"Hiệu năng Siêu mạnh mẽ
Thời lượng pin Cực khủng
Chất lượng camera Chụp đẹp, chuyên nghiệp
sản phẩm này quá ok"
CellPhones,https://cellphones.com.vn/samsung-galaxy-s23-ultra.html,3/10/2024,Samsung Galaxy S23 Ultra 256GB,31.990.000đ,24.490.000đ,4.9/5,19 đánh giá,CellPhones,Phạm Nguyễn Anh Minh,2/11/2023 11:00,"Quá đẹp
Chup hình cực đẹp","Hiệu năng Siêu mạnh mẽ
Thời lượng pin Cực khủng
Chất lượng camera Chụp đẹp, chuyên nghiệp
Quá đẹp
Chup hình cực đẹp"
CellPhones,https://cellphones.com.vn/samsung-galaxy-s23-ultra.html,3/10/2024,Samsung Galaxy S23 Ultra 256GB,31.990.000đ,24.490.000đ,4.9/5,19 đánh giá,CellPhones,Phạm Nguyễn Anh Minh,2/11/2023 10:59,"Quá tốt
Chụp hình đẹp","Hiệu năng Siêu mạnh mẽ
Thời lượng pin Cực khủng
Chất lượng camera Chụp đẹp, chuyên nghiệp
Quá tốt
Chụp hình đẹp"
CellPhones,https://cellphones.com.vn/samsung-galaxy-s23-ultra.html,3/10/2024,Samsung Galaxy S23 Ultra 256GB,31.990.000đ,24.490.000đ,4.9/5,19 đánh giá,CellPhones,Vũ Nguyễn Tiến,27/10/2023 09:33,xxxxxxxxxxxxxxxxxxxx,"Hiệu năng Ổn định
Thời lượng pin Cực khủng
Chất lượng camera Chụp đẹp, chuyên nghiệp
xxxxxxxxxxxxxxxxxxxx"
CellPhones,https://cellphones.com.vn/samsung-galaxy-s23-ultra.html,3/10/2024,Samsung Galaxy S23 Ultra 256GB,31.990.000đ,24.490.000đ,4.9/5,19 đánh giá,CellPhones,Hien Tran,26/10/2023 16:29,S23 ut 32tr cao vãi thà mua ip,"Hiệu năng Siêu mạnh mẽ
Thời lượng pin Cực khủng
Chất lượng camera Chụp đẹp, chuyên nghiệp
S23 ut 32tr cao vãi thà mua ip"
CellPhones,https://cellphones.com.vn/samsung-galaxy-s23-ultra.html,3/10/2024,Samsung Galaxy S23 Ultra 256GB,31.990.000đ,24.490.000đ,4.9/5,19 đánh giá,CellPhones,Trần Lê Anh Tuấn,6/10/2023 21:37,Quá đẹp và mãn nhãn,"Hiệu năng Giật lag
Thời lượng pin Rất yếu
Chất lượng camera Chụp không đẹp
Quá đẹp và mãn nhãn"
CellPhones,https://cellphones.com.vn/samsung-galaxy-s23-ultra.html,3/10/2024,Samsung Galaxy S23 Ultra 256GB,31.990.000đ,24.490.000đ,4.9/5,19 đánh giá,CellPhones,LE THI CHAM,6/10/2023 03:08,Đẹp mà trả góp dễ,"Hiệu năng Siêu mạnh mẽ
Thời lượng pin Cực khủng
Chất lượng camera Chụp đẹp, chuyên nghiệp
Đẹp mà trả góp dễ"
CellPhones,https://cellphones.com.vn/samsung-galaxy-s23-ultra-12gb-512gb.html,3/10/2024,Samsung Galaxy S23 Ultra 12GB 512GB,36.990.000đ,27.990.000đ,5.0/5,2 đánh giá,CellPhones,voduc thanh,11/10/2023 14:49,Nghiệp vụ nhân viên bán hàng rất tôt,"Hiệu năng Siêu mạnh mẽ
Thời lượng pin Cực khủng
Chất lượng camera Chụp đẹp, chuyên nghiệp
Nghiệp vụ nhân viên bán hàng rất tôt"
CellPhones,https://cellphones.com.vn/samsung-galaxy-s23-ultra-12gb-512gb.html,3/10/2024,Samsung Galaxy S23 Ultra 12GB 512GB,36.990.000đ,27.990.000đ,5.0/5,2 đánh giá,CellPhones,Đức Đỗ,7/9/2023 02:28,Quá xịn trong tầm giá haha,"Hiệu năng Siêu mạnh mẽ
Thời lượng pin Cực khủng
Chất lượng camera Chụp đẹp, chuyên nghiệp
Quá xịn trong tầm giá haha"
